Label,# Samples,Average,Median,90% Line,95% Line,99% Line,Min,Max,Error %,Throughput,Received KB/sec,Sent KB/sec
HTTP Request,1000000,12,4,19,33,224,0,1378,0.000%,41401.01018,12613.01,4568.67
TOTAL,1000000,12,4,19,33,224,0,1378,0.000%,41401.01018,12613.01,4568.67
