Label,# Samples,Average,Median,90% Line,95% Line,99% Line,Min,Max,Error %,Throughput,Received KB/sec,Sent KB/sec
HTTP Request,1000000,85,69,105,127,264,0,15463,0.670%,10978.51505,2290.04,1256.62
TOTAL,1000000,85,69,105,127,264,0,15463,0.670%,10978.51505,2290.04,1256.62
