Label,# Samples,Average,Median,90% Line,95% Line,99% Line,Min,Max,Error %,Throughput,Received KB/sec,Sent KB/sec
HTTP Request,1000000,11,10,20,24,59,0,460,0.000%,44387.23423,8712.73,5158.28
TOTAL,1000000,11,10,20,24,59,0,460,0.000%,44387.23423,8712.73,5158.28
